Model,RMSE,MAE,R2
Gradient Boosting,5.986156346742838,3.922878223583942,0.9546700586291739
