dataset,test_size,Model,RMSE,MAE,R2
Book1_5x_noise20-3,0.1,Linear Regression,10.16749231114044,7.046736218086674,0.8692274020764587
Book1_5x_noise20-3,0.1,Gradient Boosting,12.907600041206164,8.574636137174101,0.7892439522791799
Book1_5x_noise20-3,0.1,Random Forest,14.902748490440553,9.215531679137255,0.719054687574343
